column,row
480,1220
479,1219
478,1218
477,1217
476,1216
475,1215
474,1214
473,1213
472,1212
471,1211
470,1210
469,1209
468,1208
468,1207
468,1206
468,1205
468,1204
468,1203
468,1202
468,1201
468,1200
468,1199
468,1198
468,1197
468,1196
468,1195
468,1194
468,1193
468,1192
468,1191
468,1190
468,1189
468,1188
468,1187
468,1186
468,1185
468,1184
468,1183
468,1182
468,1181
468,1180
468,1179
468,1178
468,1177
468,1176
468,1175
468,1174
468,1173
468,1172
468,1171
468,1170
468,1169
468,1168
468,1167
468,1166
468,1165
468,1164
468,1163
468,1162
468,1161
468,1160
468,1159
468,1158
468,1157
468,1156
468,1155
468,1154
468,1153
468,1152
468,1151
468,1150
468,1149
468,1148
468,1147
468,1146
468,1145
468,1144
468,1143
468,1142
468,1141
468,1140
468,1139
468,1138
468,1137
468,1136
468,1135
468,1134
468,1133
468,1132
468,1131
468,1130
468,1129
468,1128
468,1127
468,1126
468,1125
468,1124
468,1123
468,1122
468,1121
468,1120
468,1119
468,1118
468,1117
468,1116
468,1115
468,1114
468,1113
468,1112
468,1111
468,1110
468,1109
468,1108
468,1107
468,1106
468,1105
468,1104
468,1103
468,1102
468,1101
468,1100
468,1099
468,1098
468,1097
468,1096
468,1095
468,1094
468,1093
468,1092
468,1091
468,1090
468,1089
468,1088
468,1087
468,1086
468,1085
468,1084
468,1083
468,1082
468,1081
468,1080
468,1079
468,1078
468,1077
468,1076
468,1075
468,1074
468,1073
468,1072
468,1071
468,1070
468,1069
468,1068
468,1067
468,1066
468,1065
468,1064
468,1063
468,1062
468,1061
468,1060
468,1059
468,1058
468,1057
468,1056
468,1055
468,1054
468,1053
468,1052
468,1051
468,1050
468,1049
468,1048
468,1047
468,1046
468,1045
468,1044
468,1043
468,1042
468,1041
468,1040
468,1039
468,1038
468,1037
468,1036
468,1035
468,1034
468,1033
468,1032
468,1031
468,1030
468,1029
468,1028
468,1027
469,1026
470,1025
471,1024
472,1023
473,1022
474,1021
475,1020
476,1019
477,1018
478,1017
479,1016
480,1015
481,1014
482,1013
483,1012
484,1011
485,1010
486,1009
487,1008
488,1007
489,1006
490,1005
491,1004
492,1003
493,1002
494,1001
495,1000
496,999
497,998
498,997
499,996
500,995
501,994
502,993
503,992
504,991
505,990
506,990
507,990
508,990
509,990
510,990
511,990
512,990
513,990
514,990
515,990
516,990
517,990
518,990
519,991
520,992
521,993
522,994
523,995
524,996
524,997
525,998
525,999
525,1000
525,1001
526,1002
526,1003
526,1004
526,1005
526,1006
526,1007
526,1008
526,1009
526,1010
526,1011
526,1012
526,1013
526,1014
526,1015
526,1016
526,1017
526,1018
526,1019
526,1020
526,1021
526,1022
526,1023
526,1024
526,1025
526,1026
526,1027
526,1028
526,1029
526,1030
526,1031
526,1032
526,1033
526,1034
526,1035
526,1036
526,1037
526,1038
526,1039
526,1040
526,1041
526,1042
526,1043
526,1044
526,1045
526,1046
526,1047
526,1048
526,1049
526,1050
526,1051
526,1052
526,1053
526,1054
526,1055
526,1056
526,1057
526,1058
526,1059
526,1060
526,1061
526,1062
526,1063
526,1064
526,1065
526,1066
526,1067
526,1068
526,1069
526,1070
526,1071
526,1072
526,1073
527,1074
528,1075
529,1076
530,1077
531,1078
532,1079
533,1080
534,1081
535,1082
536,1083
537,1084
538,1085
539,1086
540,1087
541,1088
542,1089
543,1090
544,1091
545,1092
546,1093
547,1094
548,1094
549,1095
550,1095
551,1095
552,1095
553,1096
554,1096
555,1096
556,1096
557,1096
558,1096
559,1096
560,1096
561,1096
562,1095
563,1095
564,1095
565,1095
566,1094
567,1094
568,1093
569,1092
570,1091
571,1090
572,1089
572,1088
573,1087
573,1086
573,1085
573,1084
574,1083
574,1082
574,1081
574,1080
574,1079
574,1078
574,1077
574,1076
574,1075
574,1074
574,1073
574,1072
574,1071
574,1070
574,1069
574,1068
574,1067
574,1066
574,1065
574,1064
574,1063
574,1062
574,1061
574,1060
574,1059
574,1058
574,1057
574,1056
574,1055
574,1054
574,1053
574,1052
574,1051
574,1050
574,1049
574,1048
574,1047
574,1046
574,1045
574,1044
574,1043
574,1042
574,1041
574,1040
574,1039
574,1038
574,1037
574,1036
574,1035
574,1034
574,1033
574,1032
574,1031
574,1030
574,1029
574,1028
574,1027
574,1026
574,1025
574,1024
574,1023
574,1022
574,1021
574,1020
574,1019
574,1018
574,1017
574,1016
574,1015
574,1014
574,1013
574,1012
574,1011
574,1010
574,1009
574,1008
574,1007
574,1006
574,1005
574,1004
574,1003
574,1002
574,1001
574,1000
574,999
574,998
574,997
574,996
574,995
574,994
574,993
574,992
574,991
574,990
574,989
574,988
574,987
574,986
574,985
574,984
574,983
574,982
574,981
574,980
574,979
574,978
574,977
574,976
574,975
574,974
574,973
574,972
574,971
574,970
574,969
574,968
574,967
574,966
574,965
574,964
574,963
574,962
574,961
574,960
574,959
574,958
574,957
574,956
574,955
574,954
574,953
574,952
574,951
574,950
574,949
574,948
574,947
574,946
574,945
574,944
574,943
574,942
574,941
574,940
574,939
574,938
574,937
574,936
574,935
574,934
574,933
574,932
574,931
574,930
574,929
574,928
574,927
574,926
574,925
574,924
574,923
574,922
574,921
574,920
574,919
574,918
574,917
574,916
574,915
574,914
574,913
574,912
574,911
574,910
574,909
574,908
574,907
574,906
574,905
574,904
574,903
574,902
574,901
574,900
574,899
573,898
573,897
573,896
573,895
572,894
572,893
572,892
572,891
572,890
572,889
572,888
571,887
571,886
571,885
571,884
570,883
570,882
569,881
568,880
567,879
566,878
565,877
564,876
563,875
562,874
561,873
560,872
559,871
558,870
557,869
556,868
555,867
554,866
553,865
552,864
551,863
550,862
549,861
548,860
548,859
548,858
548,857
548,856
548,855
548,854
548,853
548,852
547,851
547,850
547,849
547,848
546,847
546,846
545,845
544,844
543,843
542,842
541,841
540,840
539,839
538,838
537,837
536,836
535,835
534,834
533,833
532,832
531,831
530,830
529,829
528,828
527,827
526,826
525,825
524,824
523,823
522,822
521,821
520,820
519,819
518,818
517,817
516,816
515,815
514,814
513,813
512,812
511,811
510,810
509,809
508,808
507,807
506,806
505,805
504,804
503,803
502,802
501,801
500,800
499,799
498,798
497,797
496,796
495,795
494,794
493,793
492,792
491,791
490,790
489,789
488,788
487,787
486,786
485,785
484,784
483,783
482,782
481,781
480,780
479,779
478,778
477,777
476,776
475,775
474,774
473,773
472,772
471,771
470,770
469,769
468,768
467,767
466,766
465,765
464,764
463,763
462,762
461,761
460,760
459,759
458,758
457,757
456,756
455,755
454,754
453,753
452,752
451,751
450,750
449,749
448,748
447,747
446,746
445,745
444,744
443,743
442,742
441,741
440,740
439,739
438,738
437,737
436,736
435,735
434,734
433,733
432,732
431,731
430,730
429,729
428,728
427,727
426,726
425,725
424,724
423,723
422,722
421,721
420,720
419,719
418,718
417,717
416,716
415,715
414,714
413,713
412,712
411,711
410,710
409,709
408,708
407,707
406,706
405,705
404,704
403,703
402,702
401,701
400,700
399,699
398,698
397,697
396,696
395,695
394,694
393,693
392,692
391,691
390,690
389,689
388,688
387,687
386,686
385,685
384,684
383,683
382,682
381,681
380,680
379,679
378,678
377,677
376,676
375,675
374,674
373,673
372,672
371,671
370,670
369,669
368,668
367,667
366,666
365,665
364,664
363,663
362,662
361,661
360,660
359,659
358,658
357,657
356,656
355,655
354,654
353,653
352,653
351,653
350,653
349,653
348,653
347,653
346,653
345,653
344,653
343,653
342,653
341,653
340,653
339,653
338,653
337,653
336,653
335,653
334,653
333,653
332,653
331,653
330,653
329,653
328,653
327,653
326,653
325,653
324,653
323,653
322,653
321,653
320,653
319,653
318,653
317,653
316,653
315,653
314,653
313,653
312,653
311,653
310,653
309,653
308,653
307,653
306,653
305,653
304,653
303,653
302,653
301,653
300,653
299,653
298,653
297,653
296,653
295,653
294,653
293,653
292,653
291,653
290,653
289,653
288,653
287,653
286,653
285,653
284,653
283,653
282,653
281,653
280,653
279,653
278,653
277,653
276,653
275,653
274,653
273,653
272,653
271,653
270,653
269,653
268,653
267,653
266,653
265,653
264,653
263,653
262,653
261,653
260,653
259,653
258,653
257,653
256,653
255,653
254,653
253,653
252,653
251,653
250,653
249,653
248,653
247,653
246,653
245,653
244,653
243,653
242,653
241,653
240,653
239,653
238,653
237,653
236,653
235,653
234,653
233,653
232,653
231,653
230,653
229,653
228,653
227,652
226,652
225,652
224,652
223,651
222,651
221,650
220,649
219,648
218,647
217,646
216,645
215,644
214,643
213,642
212,641
211,640
210,639
209,638
208,637
207,636
206,635
205,634
204,634
203,634
202,634
201,634
200,634
199,634
198,634
197,634
196,634
195,634
194,634
193,634
192,634
191,634
190,634
189,634
188,634
187,634
186,634
185,634
184,634
183,634
182,634
181,634
180,634
179,634
178,634
177,633
176,633
175,633
174,633
173,632
172,632
171,632
170,632
169,631
168,631
167,630
166,629
165,628
164,627
163,626
162,625
161,624
160,623
159,622
158,621
157,620
156,620
155,620
154,620
153,620
152,620
151,620
150,620
149,620
148,620
147,620
146,620
145,620
144,620
143,619
142,619
141,619
140,619
139,618
138,618
137,617
136,616
135,615
134,614
133,613
133,612
132,611
132,610
132,609
132,608
131,607
131,606
131,605
131,604
131,603
131,602
131,601
131,600
131,599
130,598
129,597
128,596
127,595
126,594
125,593
124,592
123,591
122,590
121,589
120,588
119,587
118,586
117,585
116,584
115,583
114,582
113,581
112,580
111,579
110,578
109,577
109,576
108,575
108,574
108,573
108,572
107,571
107,570
107,569
107,568
107,567
107,566
107,565
107,564
107,563
107,562
107,561
106,560
106,559
106,558
106,557
106,556
106,555
106,554
106,553
106,552
106,551
106,550
106,549
106,548
106,547
106,546
106,545
106,544
106,543
106,542
106,541
106,540
106,539
106,538
106,537
106,536
106,535
106,534
106,533
106,532
106,531
106,530
106,529
106,528
106,527
106,526
106,525
106,524
106,523
106,522
106,521
106,520
106,519
106,518
106,517
106,516
106,515
106,514
106,513
106,512
106,511
106,510
106,509
106,508
106,507
106,506
106,505
106,504
106,503
106,502
106,501
106,500
106,499
106,498
106,497
106,496
106,495
106,494
106,493
106,492
106,491
106,490
106,489
106,488
106,487
106,486
106,485
106,484
106,483
106,482
106,481
106,480
106,479
106,478
106,477
106,476
106,475
106,474
106,473
106,472
106,471
106,470
106,469
106,468
106,467
106,466
106,465
106,464
106,463
106,462
106,461
106,460
106,459
106,458
106,457
106,456
106,455
106,454
106,453
106,452
106,451
106,450
106,449
106,448
106,447
106,446
106,445
106,444
106,443
106,442
106,441
106,440
106,439
106,438
106,437
106,436
106,435
106,434
106,433
106,432
106,431
106,430
106,429
106,428
106,427
106,426
106,425
106,424
106,423
106,422
106,421
106,420
106,419
106,418
106,417
106,416
106,415
106,414
106,413
106,412
106,411
106,410
106,409
106,408
106,407
106,406
106,405
106,404
106,403
106,402
106,401
106,400
106,399
106,398
106,397
106,396
106,395
106,394
106,393
106,392
106,391
106,390
106,389
106,388
106,387
106,386
106,385
106,384
106,383
106,382
106,381
106,380
106,379
106,378
106,377
106,376
106,375
106,374
106,373
106,372
107,371
108,370
109,369
110,368
111,367
112,366
113,365
114,364
115,363
116,363
117,363
118,363
119,363
120,363
121,363
122,363
123,363
124,363
125,363
126,363
127,363
128,363
129,363
130,363
131,364
132,365
133,366
134,367
135,368
136,369
137,370
137,371
138,372
138,373
138,374
138,375
139,376
139,377
139,378
139,379
139,380
139,381
139,382
139,383
139,384
139,385
139,386
139,387
139,388
139,389
139,390
139,391
139,392
139,393
139,394
139,395
139,396
139,397
139,398
139,399
139,400
139,401
139,402
139,403
139,404
139,405
139,406
139,407
139,408
139,409
139,410
139,411
139,412
139,413
139,414
139,415
139,416
139,417
139,418
139,419
139,420
139,421
139,422
139,423
139,424
139,425
139,426
139,427
139,428
139,429
139,430
139,431
139,432
139,433
139,434
139,435
139,436
139,437
139,438
139,439
139,440
139,441
139,442
139,443
139,444
139,445
139,446
139,447
140,448
141,449
142,450
143,451
144,452
145,453
146,454
147,455
148,456
149,457
150,458
151,459
152,460
153,461
154,462
155,463
156,464
157,465
158,466
159,467
160,467
161,468
162,468
163,468
164,468
165,469
166,469
167,469
168,468
169,468
170,468
171,468
172,467
173,467
174,466
175,465
176,464
177,464
178,464
179,463
180,463
181,462
182,461
183,460
184,459
184,458
185,457
185,456
185,455
185,454
186,453
186,452
186,451
186,450
186,449
186,448
186,447
186,446
186,445
186,444
186,443
186,442
186,441
186,440
186,439
186,438
187,437
187,436
187,435
187,434
187,433
187,432
187,431
187,430
187,429
187,428
187,427
187,426
187,425
187,424
187,423
187,422
187,421
187,420
187,419
187,418
187,417
187,416
187,415
187,414
187,413
187,412
187,411
187,410
187,409
187,408
187,407
187,406
187,405
187,404
187,403
187,402
187,401
187,400
187,399
187,398
187,397
187,396
187,395
187,394
187,393
187,392
187,391
187,390
187,389
187,388
187,387
187,386
187,385
187,384
187,383
187,382
187,381
187,380
187,379
187,378
187,377
187,376
187,375
187,374
187,373
187,372
187,371
187,370
187,369
187,368
187,367
187,366
187,365
187,364
187,363
187,362
187,361
187,360
187,359
187,358
187,357
187,356
187,355
187,354
187,353
187,352
187,351
187,350
187,349
187,348
187,347
187,346
187,345
188,344
189,343
190,342
191,341
192,340
193,339
194,338
195,337
196,336
197,335
198,334
199,333
200,332
201,331
202,330
203,329
204,328
205,327
206,326
207,325
208,324
209,323
209,322
210,321
210,320
210,319
210,318
211,317
211,316
211,315
211,314
211,313
211,312
211,311
211,310
211,309
211,308
210,307
210,306
210,305
210,304
209,303
209,302
208,301
207,300
206,299
205,298
204,297
203,296
202,295
201,294
200,293
200,292
200,291
200,290
200,289
200,288
200,287
200,286
200,285
200,284
200,283
200,282
200,281
200,280
200,279
200,278
200,277
200,276
200,275
200,274
200,273
200,272
200,271
200,270
200,269
200,268
200,267
200,266
200,265
200,264
200,263
200,262
200,261
200,260
200,259
200,258
200,257
200,256
200,255
200,254
200,253
200,252
200,251
200,250
200,249
200,248
200,247
200,246
200,245
200,244
200,243
200,242
200,241
200,240
